Source,Title,Link,Price,Posted,Description,Bedrooms,Bathrooms,Utilities Included,Image
The Cannon,"454 College Ave W, Guelph",https://thecannon.ca/classified/housing/171764/,$900/incl.utils,1/Sep/2026,"Room for rent for studnet on College Avenue West — great location! International students are welcome in this quiet, respectful house.",N/A,N/A,False,
The Cannon,"96 Goodwin Dr, Guelph",https://thecannon.ca/classified/housing/171752/,$3500,1/Sep/2026,Large 4 bedroom house in South end of Guelph right by Bus stop to University. Large Family room and Living room.,4,N/A,False,
The Cannon,Apartment or Condo in Guelph,https://thecannon.ca/classified/housing/171739/,$1700,1/Sep/2026,Hi,N/A,N/A,False,
The Cannon,"24 Young St, Guelph",https://thecannon.ca/classified/housing/171746/,$1050,1/Sep/2026,One bedroom in a three bedroom house available ASAP. The house is a 15 minute walking distnce to UoG and Stone road mall. One room is occupied by one male and other by female studens of UoG and is very quite area. Rent includes utilities and lot of,N/A,N/A,False,
The Cannon,"39 Keats Crescent, Guelph",https://thecannon.ca/classified/housing/171734/,$1000,1/Sep/2026,"7 minute bus from campus, grocery stores within 15 minute walk, 4 month sublet from Jan to April needed!",N/A,N/A,False,
The Cannon,Apartment or Condo in Guelph,https://thecannon.ca/classified/housing/171732/,$Up to $1500,1/Sep/2026,Looking for a nice place ASAP preferably a shared condo. 2nd year UofG student. Please reach out! Msg: 416-529-2270 or reply.,N/A,N/A,False,
The Cannon,"342 Cole Rd, Guelph",https://thecannon.ca/classified/housing/171719/,$825+,1/Sep/2026,"4 bedroom, 2 full bathroom house for rent",4,N/A,False,
The Cannon,"129 Baxter Dr, Guelph",https://thecannon.ca/classified/housing/171713/,$2000,1/Sep/2026,"Large 2 bedroom basement apartment. 2 Large rooms, 2 full washrooms, large open concept kitchen, dining and living. Separate Laundry with stackable washer and dryer. Large living and dining area. Utilities will be 30% of building Utilities. Laminate",2,N/A,False,
The Cannon,"91 Poppy Dr E, Guelph",https://thecannon.ca/classified/housing/171708/,$1100,1/Sep/2026,"A private room in a 5 person townhouse, located in south Guelph near Pergola Commons. No parking available, though street parking is available nearby. Direct busses to the university within an 8-10 minute walk including 5, 56U, and the first stop on",N/A,N/A,False,
The Cannon,"142 York Rd, Guelph",https://thecannon.ca/classified/housing/171731/,"$1,000",1/Sep/2026,"Seeking female room mate for fully furnished, professionally cleaned and freshly painted unit. All students are in second year. 1 bedroom available in a 5 bedroom unit. 2 people per floor and full bath with 2 people per bathroom.  1 basement bedroom",1,N/A,False,
The Cannon,"43 Macdonell St, Guelph",https://thecannon.ca/classified/housing/171700/,$800,1/Sep/2026,"Downtown 2 bedroom ,",2,N/A,False,
The Cannon,"58 Guelph St, Guelph",https://thecannon.ca/classified/housing/171697/,"$3,000/month for entire house",1/Sep/2026,"3 Bedroom bungalow for rent (utilities included, NO INTERNET) including laundry. $3,000/month on 8 month lease (September to April).",3,N/A,True,
The Cannon,"11 Argyle Dr, Guelph",https://thecannon.ca/classified/housing/171690/,$1800,1/Sep/2026,Newly renovated 2 bed 1 bath basement walk-up apartment. No parking but bike shed provided. No pets or smoking due to shared HVAC. Central air and heat. Soundproofing added for privacy during reno. Shared laundry. 1800 includes utilities and,2,1,False,
The Cannon,"35 Carrington Pl, Guelph",https://thecannon.ca/classified/housing/171682/,$1050/month,1/Sep/2026,Looking for a U of G student to join three second-year male students in a 4-bedroom house at 35 Carrington Place.,N/A,N/A,False,
The Cannon,"35 Caledonia St, Guelph",https://thecannon.ca/classified/housing/171695/,$825,1/Sep/2026,"This spacious, legal, and registered 3-bedroom lower-level apartment is availble for a 1-year lease.",N/A,N/A,False,
The Cannon,"75 Farley Dr, Guelph",https://thecannon.ca/classified/housing/171667/,$875,1/Sep/2026,One Bedroom for Rent – Prime South End Guelph | Close to University of Guelph,N/A,N/A,False,
The Cannon,"771 Scottsdale Dr, Guelph",https://thecannon.ca/classified/housing/171662/,$1200,31/Aug/2026,1 bedroom apartment in the lower above ground portion of house with own private entrance. Big back yard and deck. Full kitchen and laundry facilities. On direct bus line to university,1,N/A,False,
The Cannon,"72 Glasgow St S, Guelph",https://thecannon.ca/classified/housing/171656/,$900,31/Aug/2026,Room for Sublet – January to April 2027,N/A,N/A,False,
The Cannon,"169 Metcalfe St, Guelph",https://thecannon.ca/classified/housing/171647/,$1800incl,31/Aug/2026,"Move in: September 15, 2026",N/A,N/A,False,
The Cannon,"26 Manitoba St, Guelph",https://thecannon.ca/classified/housing/171424/,$950/incl,31/Aug/2026,Only 2 of 4 bedrooms available in this fully renovated home. The other two bedrooms are occupied by male U of G students.,4,N/A,False,
The Cannon,"302 College Ave W, Guelph",https://thecannon.ca/classified/housing/171609/,$860,31/Aug/2026,We have 4 bedrooms available unfurnished and prices are according to the size included utilities. Upstairs 3 rooms have 4 piece washroom and a powder room on the main floor.,4,N/A,False,
The Cannon,"46 Moore Ave, Guelph",https://thecannon.ca/classified/housing/171639/,$970.46,31/Aug/2026,"The  Forest House, nestled amongst green Spruce Trees, steps from OVC and  transit, ~ 7 minutes to College and Gordon at NW corner of campus.T his quiet house just off College Ave, is fully furnished except for blankets, sheets pillows.  Room looks",N/A,N/A,False,
The Cannon,"86 St Arnaud St, Guelph",https://thecannon.ca/classified/housing/171637/,$899 +,31/Aug/2026,"BRAND NEW 3 bedroom, 1 bathroom lower unit for rent Sept 1st.",3,1,False,
The Cannon,"36 Katemore Dr, Guelph",https://thecannon.ca/classified/housing/171631/,$875,31/Aug/2026,"One room in shared all female townhouse available October 1. Townhouse is in a quiet southend neighborhood, near bus stop and amenities.  Shared laundry and washroom. No parking currently available. Lease time is negotiable. Female student preferred.",N/A,N/A,False,
The Cannon,"302 College Ave W, Guelph",https://thecannon.ca/classified/housing/171580/,$1000,31/Aug/2026,"1 basement room left in a 4 bedroom student rental. Includes utilities and internet. A/C, dishwasher, water softener, garage. Full bathroom in basement. Other 3 rooms are occupied by males.",4,N/A,False,
The Cannon,"30 William St, Guelph",https://thecannon.ca/classified/housing/171576/,$2700,31/Aug/2026,"Duplex detached bungalow house Upper level for rent at central east Guelph. Large lot with shed, CARPET FREE, Stainless Steel Kitchen Appliances, Bright living room with large windows. One Shed for extra storage. Three good size bedrooms. UTILITIES",N/A,N/A,False,
The Cannon,"37 Devere Dr, Guelph",https://thecannon.ca/classified/housing/171570/,$900 incl.utils,31/Aug/2026,"Room for rent for students in a lower-level apartment with a separate entrance, close to College Avenue West.",N/A,N/A,False,
The Cannon,"54 Steffler Dr, Guelph",https://thecannon.ca/classified/housing/171557/,$1895,31/Aug/2026,🏠 **2-BEDROOM LEGAL BASEMENT APARTMENT – GUELPH – $947.50/PERSON ALL-INCLUSIVE**,N/A,N/A,False,
The Cannon,"42 Hill Trail, Guelph",https://thecannon.ca/classified/housing/171551/,$1750incl,31/Aug/2026,"1 Bedroom, 1 bathroom basement unit is located on a quiet court in the east end of Guelph. The large open concept kitchen and living room has ample space for dining and lounging. The unit is intentionally built with plenty of storage, in unit",1,1,False,
The Cannon,"10 Duck Ln, Guelph",https://thecannon.ca/classified/housing/171538/,$1100,31/Aug/2026,"🏠 Landlord lives in – quiet home, 2 rooms for rent.",N/A,N/A,False,
The Cannon,"376 Woolwich St, Guelph",https://thecannon.ca/classified/housing/171526/,$775,30/Aug/2026,"Hello, we are a group of 2 girls and 2 guys looking for a fifth roommate! 3 of us attend the university of guelph and are going into our second year (programs: psychology, environmental science and environmental engineering). The fourth roommate is",N/A,N/A,False,
The Cannon,"77 College Ave W, Guelph",https://thecannon.ca/classified/housing/171518/,$850,30/Aug/2026,"10 min walk to campus or bus stop is right outside. Renting out first floor bedroom for fall semester. There are 5 other students living in the house but there is enough space that it doesn’t feel crowded. House has 2 shareable bathrooms, kitchen,",N/A,N/A,False,
The Cannon,"74 Rodney Blvd, Guelph",https://thecannon.ca/classified/housing/171528/,$900,30/Aug/2026,Bedrooms available for rent in all female house.,N/A,N/A,False,
The Cannon,"160 Macdonell St, Guelph",https://thecannon.ca/classified/housing/171517/,"$2,800",30/Aug/2026,Excellent Location! Live in heart of downtown.,N/A,N/A,False,
The Cannon,"920 Edinburgh Rd S, Guelph",https://thecannon.ca/classified/housing/171483/,$780,30/Aug/2026,LAST MINUTE STUDENT HOUSING AVAILABLE!,N/A,N/A,False,
The Cannon,"1280 Gordon St, Guelph",https://thecannon.ca/classified/housing/171472/,$1050,30/Aug/2026,"Off Campus living in upscale condo unit. 1280 Gordon Street. 9 minute bus ride to campus, 5 min drive and about a 30 min walk. All amenities available on Gordon Street within a 20 min walk, Transit steps from building.",N/A,N/A,False,
The Cannon,"158 Dallan Dr, Guelph",https://thecannon.ca/classified/housing/171477/,$2500,30/Aug/2026,"main floor and second floor (master bedroom is locked and not included), 2 bedrooms, 1 parking, utilities included, furnished.",2,N/A,True,
The Cannon,"38 Fieldstone Rd, Guelph",https://thecannon.ca/classified/housing/171466/,$900,30/Aug/2026,Need a last minute room because your lease fell through? Roommates backed out?,N/A,N/A,False,
The Cannon,"124 Gosling Gardens, Guelph",https://thecannon.ca/classified/housing/171456/,$800,30/Aug/2026,"Looking to rent 1 bedroom upstairs for the 2026-2027 academic year, starting September 1, 2026.  Three of the other bedrooms in the house have already been rented out.  House is furnished.",1,N/A,False,
The Cannon,"599 College Ave W, Guelph",https://thecannon.ca/classified/housing/171448/,$865.00,30/Aug/2026,"One bedroom left in shared house. Four bedrooms upstairs with full bath. Kitchen, living room, dining room and half bath on main floor. Deck off the kitchen shaded by a big catalpa tree. Backs onto green space. Bus stop across the street. 10 mins",N/A,N/A,False,
The Cannon,"120 Huron St, Guelph",https://thecannon.ca/classified/housing/171442/,$1975.00,30/Aug/2026,"Alice Block Condominiums, located at 120 Huron Street in Guelph’s vibrant Ward neighbourhood. This bright, 5th floor (top floor), 14 foot ceilings, is steps away from the rooftop terrace. Enjoy the convenience of being just a 15 minute walk to",N/A,N/A,False,
The Cannon,"242 Terraview Crescent, Guelph",https://thecannon.ca/classified/housing/171435/,$1025.00 + Utilities,29/Aug/2026,"Hi! I’m an upper year student at UoG and in W27 I’ll be doing a semester abroad so my room will be up for grabs! It’s the master bedroom in a fully furnished house, 10 minutes from campus by bus (which come every 10-20 minutes on weekdays). The house",N/A,N/A,False,
The Cannon,"38 Youngman Dr, Guelph",https://thecannon.ca/classified/housing/171418/,$980/ all in,29/Aug/2026,Fully Furnished Rooms for Rent – Available September 1.,N/A,N/A,False,
The Cannon,"24 Young St, Guelph",https://thecannon.ca/classified/housing/171390/,$1100,29/Aug/2026,"One bedroom avaialble from Sept 1st, 20026 in a three bedroom house. It is a 20 minute walk to UoG and 6 minute walk to Bus route. Two rooms are occupied by the students of UoG one male and one female. It has big living room, kitchen and backyard",N/A,N/A,False,
The Cannon,"5 Brazolot Dr, Guelph",https://thecannon.ca/classified/housing/171382/,$1480 For Entire 2-Bed,29/Aug/2026,"Fresh 2 bedroom basement apartment for just $1480 Including utilities for the ENTIRE APARTMENT (two bedrooms). The apartment has a spacious living room, full kitchen, bathroom, two bedrooms, walking closet, laundry facility and its own separate",2,N/A,False,
The Cannon,"182 Harvard Rd, Guelph",https://thecannon.ca/classified/housing/171376/,$1000 per room,29/Aug/2026,Beautifully Renovated Student Rental,N/A,N/A,False,
The Cannon,"9 Cambridge St, Guelph",https://thecannon.ca/classified/housing/171367/,$775,28/Aug/2026,BRAND-NEW RENOVATED 3-BEDROOM – $775-$875/ROOM （water/gas included),N/A,N/A,False,
The Cannon,"34 Landsdown Dr, Guelph",https://thecannon.ca/classified/housing/171364/,$915,28/Aug/2026,LOOKING FOR 3 FEMALE ROOMMATES ASAP!,N/A,N/A,False,
The Cannon,"27 McCann St, Guelph",https://thecannon.ca/classified/housing/171318/,$1650.00,28/Aug/2026,"For Rent Basement apartment available starting Sept. 1st, located in the highly sought-after N1G area, just a 7 minute drive away from the University of Guelph and Stone Road Mall.",N/A,N/A,False,
The Cannon,"44 Eastview Rd, Guelph",https://thecannon.ca/classified/housing/171352/,$2350,28/Aug/2026,"Newly renovated, legal 3 bedrooms 2 full bathroom bungalow apartment with brand new stairs, doors, showers, vanities, lighting, electrical and plumbing. also has full size in unit laundry along with parking. 5 minute drive to 3 gyms, hospital, 3",3,N/A,False,
The Cannon,"70 Kent St, Guelph",https://thecannon.ca/classified/housing/171337/,$835 utilities included,28/Aug/2026,"Historic Limestone Home (circa 1860) – 8 month lease – renovated this summer, 7 minute walk to downtown , 3 minute walk to Gordon St bus stop. Two full bathrooms, large kitchen with 2 fridges, and parking. This is a mixed M/F house with everyone",N/A,N/A,False,
The Cannon,"42 Lowes Rd W, Guelph",https://thecannon.ca/classified/housing/171304/,$2495,28/Aug/2026,"Brand-New 2-Bedroom, 2-Bath Main-Floor Condo – South Guelph",N/A,N/A,False,
The Cannon,"6 University Ave E, Guelph",https://thecannon.ca/classified/housing/171298/,$650,28/Aug/2026,"Lovely and well-established Guelph 10-room registered lodging house only steps away from the North edge of University campus, offering clean and bright private rooms, with shared facilities including 2 kitchens, 3 bathrooms and on-site laundry.",N/A,3,False,
The Cannon,"23 Elizabeth St, Guelph",https://thecannon.ca/classified/housing/171286/,$900/incl.utils & wi-fi,28/Aug/2026,Room for rent-Excellent location!,N/A,N/A,False,
The Cannon,"155 Metcalfe St, Guelph",https://thecannon.ca/classified/housing/171282/,$2550,28/Aug/2026,BRAND NEW! 3 bedroom basement walk-out unit. Ready for a Sept move in!,3,N/A,False,
The Cannon,"71 Wyndham St S, Guelph",https://thecannon.ca/classified/housing/171272/,$3250,27/Aug/2026,"Live in one of downtown’s most desirable pockets, in a home where the landlord even covers exclusive Edgewater resident perks – a library, fitness centre, billiards lounge, and golf simulator all included.",N/A,N/A,False,
The Cannon,"120 Moss Pl, Guelph",https://thecannon.ca/classified/housing/171266/,$950 incl,27/Aug/2026,Available October 01!,N/A,N/A,False,
The Cannon,"95 Toronto St, Guelph",https://thecannon.ca/classified/housing/171260/,$750+utilities,27/Aug/2026,October 01 Lease Start Date,N/A,N/A,False,
The Cannon,"91 Victoria Rd N, Guelph",https://thecannon.ca/classified/housing/171192/,$850 plus utilities,27/Aug/2026,"Looking for a sublet for a room close to the 13/14 bus line to downtown, beginning September 6th, 2026 to December 2026 OR September 6th, 2026 to April 2027. Price is 850 plus utilities, staying with 2 recent graduates who are now working",N/A,N/A,False,
The Cannon,"34 McGarr Ct, Guelph",https://thecannon.ca/classified/housing/171240/,$1000/month,27/Aug/2026,"Hi! We are looking for a Fall Semester sublet (September – December). House is shared with three other respectful, clean, easy going guys. House comes with laundry machines, parking spot, basement, backyard. 10 minute walk from the bus stop, 10",N/A,N/A,False,
The Cannon,"302 College Ave W, Guelph",https://thecannon.ca/classified/housing/171226/,$850,27/Aug/2026,"Hello! 🙂 We are currently looking for 2 quiet, clean, and responsible female students to rent out the upstairs rooms of our home. Rooms come with a single bed with built-in drawers, a desk, and a desk chair. The bathroom upstairs will be shared",N/A,N/A,False,
The Cannon,"7 Floral Dr, Guelph",https://thecannon.ca/classified/housing/171219/,$2000,27/Aug/2026,"8 month lease available.  2 bedroom apartment conveniently located in the Old University Neighbourhood.  Within 15 minute walk to the University, Stone Road Mall and the Metro/Walmart plaza.  Private entrance, ensuite laundry facilities and a large",2,N/A,False,
The Cannon,"9 Laurelwood Ct, Guelph",https://thecannon.ca/classified/housing/171194/,$850.00/ inc,27/Aug/2026,"The Master bedroom is available from September 01. The house is in very good location, 10 minute walk to Stone Road mall & Metro, 20 minute walk to U of G.",N/A,N/A,False,
The Cannon,"456 College Ave W, Guelph",https://thecannon.ca/classified/housing/171183/,$900/incl.,27/Aug/2026,Room for rent for students on College Ave. West – Excellent Location **,N/A,N/A,False,
The Cannon,"920 Edinburgh Rd S, Guelph",https://thecannon.ca/classified/housing/171179/,$1000,27/Aug/2026,"A well-maintained townhome , located a 13 minute bus commute to the University of Guelph, within a student-friendly condominium complex.",N/A,N/A,False,
The Cannon,"815 Edinburgh Rd S, Guelph",https://thecannon.ca/classified/housing/171147/,$900,26/Aug/2026,"A furnished master bedroom is available for sublet this winter, with a flexible move-in date starting as early as December or January. The room is spacious and fully furnished, and the rest of the house is furnished as well, so it’s a great option",N/A,N/A,False,
The Cannon,"86 Yarmouth St, Guelph",https://thecannon.ca/classified/housing/171141/,$1600,26/Aug/2026,"Looking for a comfortable, pet-friendly place to call home? This 1-bedroom apartment will be available starting November 1, 2026.",N/A,N/A,False,
The Cannon,"34 Ridgeway Ave, Guelph",https://thecannon.ca/classified/housing/171123/,$899 +,26/Aug/2026,Stuck on the waitlist? We have a space for you!!,N/A,N/A,False,
The Cannon,"123 Elizabeth St, Guelph",https://thecannon.ca/classified/housing/171106/,$850,26/Aug/2026,Brand New Renovated Student Home 10 minute walk to Downtown Guelph,N/A,N/A,False,
The Cannon,"173 Janefield Ave, Guelph",https://thecannon.ca/classified/housing/171092/,$875,25/Aug/2026,"Spacious, recently renovated, 4 large bedrooms available in an all female student home in a popular student complex for individuals or small groups.",N/A,N/A,False,
The Cannon,"64 Clough Crescent, Guelph",https://thecannon.ca/classified/housing/171077/,$2950,25/Aug/2026,PROPERTY FEATURES:,N/A,N/A,False,
The Cannon,"17 Emslie St, Guelph",https://thecannon.ca/classified/housing/171067/,$899 +,25/Aug/2026,Last unit available!,N/A,N/A,False,
The Cannon,"16 Sherwood Dr, Guelph",https://thecannon.ca/classified/housing/171061/,$750.00,25/Aug/2026,"Large bright bedroom, 4-8 minute walk to bus, within 15 minute walk to Freshco, Food Basics and Zehrs, shared bathroom with one female",N/A,N/A,False,
The Cannon,"1155 Gordon St, Guelph",https://thecannon.ca/classified/housing/171056/,$850 + utilities,25/Aug/2026,Available Aug 26th. 8 mth or 12 mth lease acceptable. 2 upstairs rooms $850 each + utilities. Master Bedroom $950 + utilities. Walkout basement $1100 + utilities.,N/A,N/A,False,
The Cannon,"57 Arlington Crescent, Guelph",https://thecannon.ca/classified/housing/170970/,$1300,25/Aug/2026,"Looking for 1 female roommate to share this beautifully maintained 3+1 bed, 3.5 bath condo town home ideally located in Guelph’s desirable South End. Looking to rent the basement in this home, it is laid out as a 4th bedroom with its own 3-piece",1,3.5,False,
The Cannon,"349 Gordon St, Guelph",https://thecannon.ca/classified/housing/170917/,$530,25/Aug/2026,"A professional veterinary fraternity house on Gordon street is looking for one responsible, University of Guelph student to live here. Just a 5 minute walk from campus, this house’s amenities are all included in the rent (wifi, utilities, cleaning",N/A,N/A,False,
The Cannon,"361 Arkell Rd, Guelph",https://thecannon.ca/classified/housing/170963/,$800,25/Aug/2026,"Looking for a convenient and comfortable place to live? The rooms are located at **28-361 Arkell Road**, in a great location for University of Guelph students.",N/A,N/A,False,
The Cannon,"423 Woolwich St, Guelph",https://thecannon.ca/classified/housing/171053/,$1895,25/Aug/2026,"STUDIO APARTMENT – Located in 10 unit, 3-storey professionally managed building. 15 minute walk to downtown and right on the bus route. Modern, open-concept, bright, with high ceilings. Units have individual temperature control and air conditioning.",N/A,N/A,False,
The Cannon,"4 Brazolot Dr, Guelph",https://thecannon.ca/classified/housing/170946/,$1380,25/Aug/2026,"Fresh 2 bedroom basement apartment for just $1380 Including utilities for the ENTIRE APARTMENT (two bedrooms). The apartment has a spacious living room, full kitchen, bathroom, two bedrooms, walking closet, laundry facility and its own separate",2,N/A,False,
The Cannon,"12 Whispering Ridge Dr, Guelph",https://thecannon.ca/classified/housing/170894/,$2700,25/Aug/2026,"4 bedroom home available, 5 minute walk to direct route to university and to the mall.",4,N/A,False,
The Cannon,"78 Western Ave, Guelph",https://thecannon.ca/classified/housing/170880/,$1850,25/Aug/2026,"Basement apartment with separate entrance and shared laundry. Term: 1 year. Utilities, storage, and single parking spot included. Please reach out to myself or our real estate agent if interested. $1850/month.",N/A,N/A,False,
The Cannon,"5 Huntington Pl, Guelph",https://thecannon.ca/classified/housing/170359/,$2000,25/Aug/2026,ALL INCLUSIVE and FULLY FURNISHED,N/A,N/A,False,
The Cannon,"10 Mason Ct, Guelph",https://thecannon.ca/classified/housing/171032/,$1125,25/Aug/2026,"Looking to sublet a fully furnished single room for the Winter 27 semester (January 1st, 2027- April 30th, 2027)!! Room with 3 other 3rd year female students form the university of guelph in this 4 bedroom, 2 and a half bath house.",4,N/A,False,
The Cannon,"159 Yorkshire St N, Guelph",https://thecannon.ca/classified/housing/171026/,$850,25/Aug/2026,🏡 3 Rooms Available in BRAND-NEW 4-Bedroom Apartment – Female Tenants 🏡,N/A,N/A,False,
The Cannon,"29 University Ave W, Guelph",https://thecannon.ca/classified/housing/171016/,$1000 incl.,25/Aug/2026,1 partially furnished room with a private bathroom available in a quiet neighbourhood just a 5 minute walk from the university. The house is female owner-occupied and shared with her partner (male working professional) and 3 female PhD,N/A,N/A,False,
The Cannon,"439 York Rd, Guelph",https://thecannon.ca/classified/housing/171010/,$850,25/Aug/2026,Furnished single bedroom on second floor .Within 7 minute walk to bus stop and ethnic store .,N/A,N/A,False,
The Cannon,"276 Carrington Dr, Guelph",https://thecannon.ca/classified/housing/171007/,$850.00 Per Month,25/Aug/2026,"1 Female student wanted, 4 already present in a well finished house with hardwood Living Room Floor, high ceilings. Maximum of 2 tenants to a Bathroom. The house which is in a very quiet neighbourhood, is a 2-8 minute walk to many bus routes, within",N/A,N/A,False,
The Cannon,"65 Periwinkle Way, Guelph",https://thecannon.ca/classified/housing/171000/,$1700,24/Aug/2026,Newly Finished 2 Bedroom 1 Bath Legal Basement apartment available for rent from now. 19 minute bus commute to Univ of Guelph. Separate Entrance and separate laundry. Parkings Available.,2,1,False,
The Cannon,"150 Cole Rd, Guelph",https://thecannon.ca/classified/housing/170841/,$1000,24/Aug/2026,"Great South Guelph location, perfect for University of Guelph students, looking for move in this September!",N/A,N/A,False,
The Cannon,"1284 Gordon St, Guelph",https://thecannon.ca/classified/housing/170825/,$1050,24/Aug/2026,"Room available in Liberty Square. Rent is $1,050 a month WITH utilities, excluding wifi which is paid separately. It’s a five-minute bus ride to the campus, private bathroom, in unit laundry, shared living room and kitchen! We are within a 35",N/A,N/A,False,
The Cannon,Apartment or Condo in Guelph,https://thecannon.ca/classified/housing/170650/,$Up to $1500,24/Aug/2026,"I’m a male second-year student looking for a place starting Sept. 1. Ideally, I’m looking for a nice, clean place close to campus and am open to a room in a shared apartment preferably.",N/A,N/A,False,
The Cannon,"36 Landsdown Dr, Guelph",https://thecannon.ca/classified/housing/170783/,$975,24/Aug/2026,"Looking for one roommate in a brand new, all-male, 3-bedroom house. Lease starts October 1st and runs 7 months until the end of April. The house is shared with 2 other university students going into first and second year. 5-minute drive to the",N/A,N/A,False,
The Cannon,"32 Dublin St S, Guelph",https://thecannon.ca/classified/housing/170771/,$1000,24/Aug/2026,Looking for a sublet for my room in house a 5 minute walk from downtown Guelph from September 2026 to April 2027. Price is $1000 a month + Utilities. A showing can be organized before the September start. The house is 4 other guys all going into,N/A,N/A,False,
The Cannon,"589 College Ave W, Guelph",https://thecannon.ca/classified/housing/171246/,$825,24/Aug/2026,"A spacious, fully furnished room is available starting September 1st in a very clean, quiet, and friendly all female home.",N/A,N/A,False,
The Cannon,"383 Edinburgh Rd S, Guelph",https://thecannon.ca/classified/housing/170953/,$2395 (or $798.33 each),24/Aug/2026,Beautifully Renovated Three Bedroom Townhouse for Three U of G Students and only a 20 minute walk to University of Guelph; 8 MONTH LEASE available; all 3 Bedrooms have large windows and closets with great views; hardwood floors throughout; new,3,N/A,False,
The Cannon,"53 Arthur St S, Guelph",https://thecannon.ca/classified/housing/170721/,$1400,24/Aug/2026,Property Overview:,N/A,N/A,False,
The Cannon,"91 Poppy Dr E, Guelph",https://thecannon.ca/classified/housing/170680/,$800,24/Aug/2026,"All-girls student house.Room available for $800. Utilities: $80/month .parking garage and visitor parking available. In-unit washer and dryer.within 10 minute walk to plazas (food basics, Zehrs, Longos) 20 minute to university by bus .kitten in",N/A,N/A,False,
The Cannon,"824 Woolwich St, Guelph",https://thecannon.ca/classified/housing/170669/,$1500,24/Aug/2026,170-824 Woolwich Street,N/A,N/A,False,
The Cannon,House in Guelph,https://thecannon.ca/classified/housing/170652/,$950,24/Aug/2026,"Im a male student going into my 3rd year at the university of guelph. I would like a September 2026 to April 2027 lease within a budget of $950 with a decently sized room. [Just for reference, I can only do September to April at a max of $950",N/A,N/A,False,
The Cannon,"43 Goodwin Dr, Guelph",https://thecannon.ca/classified/housing/170624/,$960,24/Aug/2026,"Still looking for a great place to live near the University of Guelph? Two private bedrooms are available immediately in a clean, spacious 3-bedroom, 2-bathroom condo shared with a female student.",N/A,N/A,False,
The Cannon,Apartment or Condo in Guelph,https://thecannon.ca/classified/housing/170354/,$Negotiable,24/Aug/2026,"One semester to go! 🎓 4th-year student looking for a place from September to December to finish my final semester. Clean, quiet, respectful, and responsible. Looking for a room or apartment, preferably furnished, in a convenient location. Please",N/A,N/A,False,
The Cannon,"220 Chancellors Way, Guelph",https://thecannon.ca/classified/housing/170364/,$1100,24/Aug/2026,"Room available to a male in a clean, spacious 4-bedroom, 2-bathroom apartment with 2nd-year male students, 15 minute walk from campus and backing onto Walmart/Stone Road Mall (5 minute walk).",N/A,N/A,False,
The Cannon,"118 Rodgers Rd, Guelph",https://thecannon.ca/classified/housing/170904/,$780,24/Aug/2026,"One bedroom available upstairs in a beautiful home, ideally suited for responsible University of Guelph students.",N/A,N/A,False,
The Cannon,"165 Lynnbrook Crescent, Waterloo",https://thecannon.ca/classified/housing/170900/,$850+,24/Aug/2026,"Newly renovated 5 bedroom house looking for 3 more male students to move in, house is fully furnished, brand new kitchen, 2 bathrooms, laundry and parking all waiting for you to enjoy in this students only house. 30 minute walking distance to",5,2,False,
The Cannon,"20 Wyndham St N, Guelph",https://thecannon.ca/classified/housing/170890/,$800,24/Aug/2026,🏡 3-BEDROOM APARTMENT AVAILABLE – DOWNTOWN GUELPH! 🏙️,N/A,N/A,False,
The Cannon,"181 Harvard Rd, Guelph",https://thecannon.ca/classified/housing/170877/,$900,24/Aug/2026,✨3 rooms still available in a seven-bedroom house✨,N/A,N/A,False,
The Cannon,"15 Porter Dr, Guelph",https://thecannon.ca/classified/housing/170871/,$860,24/Aug/2026,"A bright, comfortable room is available for rent in a quiet neighbourhood in South Guelph, 15 minutes by bus to the University of Guelph. Conveniently located within a 6-minute walk to bus stops, a 10-minute walk to grocery stores, and other",N/A,N/A,False,
The Cannon,"29 Dudley Dr, Guelph",https://thecannon.ca/classified/housing/170834/,$850,23/Aug/2026,"Available Sept 1: Private rooms for rent in a beautiful 4-bedroom, 3-washroom detached home in Guelph’s Solterra neighborhood (McCalister & Victoria Rd).",N/A,N/A,False,
The Cannon,"133 Ironwood Rd, Guelph",https://thecannon.ca/classified/housing/170830/,$700+,23/Aug/2026,"One bedroom is available in a four bedroom house, shared with three other tenants.  The available room is upstairs on the second floor, looking out over the backyard.  The house is in a great location, and walking distance to Stone Road Mall,",N/A,N/A,False,
The Cannon,"21 Vipond St, Guelph",https://thecannon.ca/classified/housing/170818/,$1000,23/Aug/2026,"🏡 2 Private Bedrooms for Rent in a Basement Apartment – Grange Area, Guelph | Each Bedroom for 1 Person | Immediate Occupancy own space, no roommate",N/A,N/A,False,
The Cannon,"59 Woodside Rd, Guelph",https://thecannon.ca/classified/housing/170807/,$900/bedroom,23/Aug/2026,"One of three bedrooms available to rent, on the main floor of a bungalow, 20 minute walking distance to the university. Kitchen and bathroom are shared with 2 other university of Guelph students. Heat, hydro, water and internet included in monthly",N/A,N/A,False,
The Cannon,"178 Harvard Rd, Guelph",https://thecannon.ca/classified/housing/170758/,$1000,23/Aug/2026,One private basement room has just opened up in an all-male student house!,N/A,N/A,False,
The Cannon,"38 Youngman Dr, Guelph",https://thecannon.ca/classified/housing/170753/,$950,23/Aug/2026,"Quiet neighborhood 20 minute walk to University of Guelph, 10 minute walk to groceries and Stone Road mall.",N/A,N/A,False,
The Cannon,"1440 Gordon St, Guelph",https://thecannon.ca/classified/housing/170737/,$900.,22/Aug/2026,Winter semester room available in all male apartment.,N/A,N/A,False,
The Cannon,"151 Clairfields Dr E, Guelph",https://thecannon.ca/classified/housing/170733/,"$1,100 utilities included",22/Aug/2026,Flexible lease term (8 or 12 months),N/A,N/A,False,
The Cannon,"164 Water St, Guelph",https://thecannon.ca/classified/housing/170661/,$800,21/Aug/2026,1 large basement bedroom available in an all girls house,N/A,N/A,False,
The Cannon,"165 Harvard Rd, Guelph",https://thecannon.ca/classified/housing/170644/,$900/month,21/Aug/2026,Winter Sublet Available!,N/A,N/A,False,
The Cannon,"101 Woodland Glen Dr, Guelph",https://thecannon.ca/classified/housing/170640/,$1900,21/Aug/2026,"Located in a quiet & safe neighbourhood, this bright, clean 2-BR walk-out basement apt. has a private entrance & lots of natural light.",N/A,N/A,False,
The Cannon,"7 Clairfields Dr W, Guelph",https://thecannon.ca/classified/housing/170630/,$650,21/Aug/2026,"One basement bedroom with own shower & bathroom is available for rent in detached house at South End of Guelph (Gordon Street/Clairfields Dr). It is very clean, quiet & bright, near bus stops, 5 minutes drive to U of G, within 15 minute",N/A,N/A,False,
The Cannon,"12 Boulder Crescent, Guelph",https://thecannon.ca/classified/housing/170600/,$875,21/Aug/2026,Lower Level (2 Bedrooms):,2,N/A,False,
The Cannon,"63 Conroy Crescent, Guelph",https://thecannon.ca/classified/housing/170588/,$2250,21/Aug/2026,"Welcome to this beautifully appointed 2-bedroom, 2-bathroom all inclusive executive main floor condo, offering the perfect blend of style, comfort, and convenience.",N/A,N/A,False,
The Cannon,"42 Lowes Rd W, Guelph",https://thecannon.ca/classified/housing/170582/,$2400,21/Aug/2026,"Available October 1st 2026, a strong option for students looking for an easy rental in Guelph.",N/A,N/A,False,
The Cannon,"300 Edinburgh Rd S, Guelph",https://thecannon.ca/classified/housing/170576/,$899 +,21/Aug/2026,Stuck on the waitlist? We have a space for you!!,N/A,N/A,False,
The Cannon,"5 Clough Crescent, Guelph",https://thecannon.ca/classified/housing/170569/,$900,21/Aug/2026,8 Month Lease Option Available!,N/A,N/A,False,
The Cannon,"53 Katemore Dr, Guelph",https://thecannon.ca/classified/housing/170563/,$4000,21/Aug/2026,8 Month Lease Option!,N/A,N/A,False,
The Cannon,"51 Katemore Dr, Guelph",https://thecannon.ca/classified/housing/170535/,$900,21/Aug/2026,Condo Townhome – Westminster Woods Community.,N/A,N/A,False,
The Cannon,"61 Katemore Dr, Guelph",https://thecannon.ca/classified/housing/170530/,$3400,21/Aug/2026,Condo Townhome – Westminster Woods Community.,N/A,N/A,False,
The Cannon,House in Guelph,https://thecannon.ca/classified/housing/170360/,$500-800$,20/Aug/2026,"Hi, my name is Akram. I’m a 3rd-year UoG Student looking for a room to rent; I’m looking for an 8-month lease for anything less than 800 per month.",N/A,N/A,False,
The Cannon,"5 Duck Ln, Guelph",https://thecannon.ca/classified/housing/170512/,$820,20/Aug/2026,"Looking for a single person to occupy a single room (The other being shared by my sister and I) in a 2-bedroom basement unit in the south end of Guelph from September 1 onwards (8-12 months lease preferred). This unit has a separate entrance, giving",N/A,N/A,False,
The Cannon,"302 College Ave W, Guelph",https://thecannon.ca/classified/housing/170446/,$800 per room,20/Aug/2026,"Looking for the perfect student rental for the upcoming school year? This spacious 4-bedroom townhouse is ideally located just a 20-minute walk to the University of Guelph, making it easy to get to class, campus events, and all the amenities the area",N/A,N/A,False,
The Cannon,"302 College Ave E, Guelph",https://thecannon.ca/classified/housing/170404/,$850,20/Aug/2026,"Hello! 🙂 We are currently looking for 2 quiet, clean, and responsible female students to rent out the upstairs rooms of our home. Rooms come with a single bed with built-in drawers, a desk, and a desk chair. The bathroom upstairs will be shared",N/A,N/A,False,
The Cannon,"298 Edinburgh Rd S, Guelph",https://thecannon.ca/classified/housing/170398/,$899 +,20/Aug/2026,"BRAND NEW 4 bedroom, 2 bathroom lower unit for rent Sept 1st!",4,2,False,
The Cannon,"112 Victoria Rd N, Guelph",https://thecannon.ca/classified/housing/170378/,$3000,20/Aug/2026,"Looking for a clean, updated place for the school year without being locked into a 12-month lease?",N/A,N/A,False,
The Cannon,Apartment or Condo in Guelph,https://thecannon.ca/classified/housing/170279/,$600-700,19/Aug/2026,"Hey,",N/A,N/A,False,
The Cannon,"1083 Gordon St, Guelph",https://thecannon.ca/classified/housing/170335/,$999+,19/Aug/2026,"One large sun-filled bedroom is available for a one-year lease. Bus stops steps away from the door, and 4 minute drive to the University of Guelph. Beautiful open views, perfect for studying, morning coffee, or relaxing with friends. In-suite",N/A,N/A,False,
The Cannon,"128 Alice St, Guelph",https://thecannon.ca/classified/housing/170312/,$800,19/Aug/2026,"-Spacious, recently renovated 4 bedroom house available starting Sept 1st",4,N/A,False,
The Cannon,"8 Elsegood Dr, Guelph",https://thecannon.ca/classified/housing/170303/,$1117,19/Aug/2026,"[1 Bedroom Sublet] – 8 Elsegood Drive, Guelph",1,N/A,False,
The Cannon,"1291 Gordon St, Guelph",https://thecannon.ca/classified/housing/170272/,$1000,19/Aug/2026,"One unfurnished bedroom, with private 3pcs-ensuite, in a student oriented condo.",N/A,N/A,False,
The Cannon,"216 Ferguson St, Guelph",https://thecannon.ca/classified/housing/170244/,$1700,19/Aug/2026,2 Bedroom Legal Basement Apartment,2,N/A,False,
The Cannon,"7 Kay Cres, Guelph",https://thecannon.ca/classified/housing/170236/,$1600,19/Aug/2026,"A furnished 1-bedroom with a private bathroom is available in an upscale, quiet condo apartment located in South Guelph. The unit includes shared access to a fully equipped kitchen and offers a comfortable, peaceful living environment.The condo is",N/A,N/A,False,
The Cannon,"28 Waterloo Ave, Guelph",https://thecannon.ca/classified/housing/170231/,$2500,19/Aug/2026,"Location, Location, Location!",N/A,N/A,False,
The Cannon,"60 Arkell Rd, Guelph",https://thecannon.ca/classified/housing/170225/,$1000,19/Aug/2026,2 Rooms open in a beautiful new townhouse on Arkell Road ( 5 Rooms Total ),N/A,N/A,False,
The Cannon,"1035 Victoria Rd S, Guelph",https://thecannon.ca/classified/housing/170208/,$1150,19/Aug/2026,Hey everyone!,N/A,N/A,False,
The Cannon,"29 Dudley Dr, Guelph",https://thecannon.ca/classified/housing/170188/,$3000,18/Aug/2026,"Hello,",N/A,N/A,False,
The Cannon,"30 Landsdown Dr, Guelph",https://thecannon.ca/classified/housing/170140/,$700,18/Aug/2026,"One private room available for rent in Southend of Guelph in walkoutunit. Steps to bus station and one bus directly to UOFG in less 7 minutes. Within 20 minute walk to all amenities. Available January 1st, 2027.",N/A,N/A,False,
The Cannon,"165 Arthur St N, Guelph",https://thecannon.ca/classified/housing/170115/,$899 +,18/Aug/2026,Last room left in this complex!,N/A,N/A,False,
The Cannon,"12 Chartwell Crescent, Guelph",https://thecannon.ca/classified/housing/170114/,$875,18/Aug/2026,"1 upstairs Bedroom for rent for students, close to College Avenue West.",N/A,N/A,False,
The Cannon,"102 Kensington St, Guelph",https://thecannon.ca/classified/housing/170111/,$1695,18/Aug/2026,"Well appointed basement apartment, separate entrance, laundry in unit (not shared), parking for 1 vehicle in driveway, but possibly 2nd on street.",N/A,N/A,False,
The Cannon,"16 Borden St, Guelph",https://thecannon.ca/classified/housing/169932/,$960.16 includes wifi and,16/Aug/2026,LOCATION!  The Red Roof House @ 16 Borden Street  is a  6 minute walk to north edge of campus (College Ave. at Gordon) … then you have to cross Johnson Green ( bike or on foot) to University Centre/ Library etc.  We are offering a Main floor well,N/A,N/A,False,
The Cannon,"18 Fairview Blvd, Guelph",https://thecannon.ca/classified/housing/169926/,$920.18 and 960.16 furnished,16/Aug/2026,"Larger furnished  bedroom available now and smaller furnished bedroom Sept. 1st both well furnished.  Kitchen well equipped, and no coin laundry machines in basement. Other residents are  quiet and three are PhD either employed  U of G U of W , one",N/A,N/A,False,
The Cannon,"125 Raymond St, Guelph",https://thecannon.ca/classified/housing/169842/,$725,16/Aug/2026,"🏠 1 Room Available for Rent in a clean and comfortable 2-bedroom apartment, perfect for students attending University of Guelph",N/A,N/A,False,
The Cannon,"23 Conroy Crescent, Guelph",https://thecannon.ca/classified/housing/169827/,$950 all inclusive *,15/Aug/2026,"1 private bedrooms left for rent, in spacious  3 bedroom apartment located on upper level of Semi Detached House. You will share a full kitchen, bathroom & living room. Shared backyard with lower level tenant and outdoor patio. AC in unit and",3,N/A,False,
The Cannon,"124 Gosling Gardens, Guelph",https://thecannon.ca/classified/housing/169561/,$3400,13/Aug/2026,"Bright three-bedroom, 2+1 bathroom end-unit condo townhouse well suited for up to four students. The open kitchen and living room provide comfortable shared space, with patio doors leading to a fully fenced outdoor area.",N/A,1,False,
The Cannon,"96 Clough Crescent, Guelph",https://thecannon.ca/classified/housing/169102/,$800,11/Aug/2026,"Well maintianed guess room for rent, ideal for students or working professionals who need quiet space. Lease available anytime now. Features include all equiped kitchen, spacious dining room and living room, and a lovely deck with beautiful sunshine.",N/A,N/A,False,
The Cannon,"22 Porter Dr, Guelph",https://thecannon.ca/classified/housing/169006/,$1000,10/Aug/2026,"Looking for a comfortable place to live in Guelph during the school year? A furnished bedroom is available in the South End, perfect for a student.",N/A,N/A,False,
The Cannon,"165 Terraview Crescent, Guelph",https://thecannon.ca/classified/housing/168908/,$1000,9/Aug/2026,"Two private, furnished bedrooms are available in a clean, welcoming owner-occupied home, beginning September 6, 2026 through April 30, 2027.",N/A,N/A,False,
The Cannon,"337 Gordon St, Guelph",https://thecannon.ca/classified/housing/168712/,$1700,8/Aug/2026,Live in a fully furnished  2 bedroom basement student apartment with it’s own entrance right across the street from Guelph U.  Be part of an all female student house. Utilities and wifi included. Laundry onsite. Parking available.  Bus stop to,2,N/A,False,
The Cannon,"82 Thatcher Dr, Guelph",https://thecannon.ca/classified/housing/168162/,$900,7/Aug/2026,"Stacked Condo apartment, built in 2025 so new. Bedroom #2 available for $900/ room + utilities, for females, apartment shared with 2 other female, 8 minute commute from University. One parking available for a price. Fully equipped kitchen and a",N/A,N/A,False,
The Cannon,"166 Suffolk St W, Guelph",https://thecannon.ca/classified/housing/168495/,$685,6/Aug/2026,"1 bedroom in an all female shared house with 4 others, 3 fourth year students and 1 second year student. 1 Washroom and 1 shared full kitchen. Looking for a quiet female housemate, preferably in STEM.",1,N/A,False,
The Cannon,"136 Paisley St, Guelph",https://thecannon.ca/classified/housing/168470/,$3000,6/Aug/2026,"Welcome to 136 Paisley St, a newly renovated 5-bedroom semi-detached home offering classic red brick charm and an unbeatable location just a 10 minute walk from downtown Guelph! Enjoy the convenience of having restaurants, shops, parks and everyday",N/A,N/A,False,
The Cannon,"Hadati Rd, Guelph",https://thecannon.ca/classified/housing/168445/,$1700,6/Aug/2026,"Bright, newly built 1-bedroom walkout apartment available immediately through November 30, with the possibility of extending into a longer-term lease afterward.",N/A,N/A,False,
The Cannon,"120 Huron St, Guelph",https://thecannon.ca/classified/housing/168346/,$1750,6/Aug/2026,STUNNING LUXURY New York Loft style corner unit with Spacious Master bedroom with Ensuite and walk in closet. Looking for a roommate to share this stunning 2 bedroom loft in a newly renovated building. Available October. 01  This 1005 Sq/Ft apartment,2,N/A,False,
The Cannon,"45 Kingsbury Square, Guelph",https://thecannon.ca/classified/housing/168239/,$1000,5/Aug/2026,"I have one room available in a 3 bedroom Condo! Rent is 1000/month, which includes wifi and utilities. Females only!  Msg me if interested or for more pictures 🙂 705-341-5440",3,N/A,False,
The Cannon,"34 Ridgeway Ave, Guelph",https://thecannon.ca/classified/housing/167835/,$875 + 75 set utilities,2/Aug/2026,"3-bedroom, 1 bathroom unit! Ready for June 1st move in! (Please note, 2 bedrooms are occupied and we are looking for 1 more female tenant to fill the unit).",2,1,False,
The Cannon,"302 College Ave W, Guelph",https://thecannon.ca/classified/housing/167545/,$1010,31/Jul/2026,"Lower level of condo solely occupied by renter.  Female owner lives in upper 2 levels with small quiet dog, Lu Lu. Shared front entrance with renter and owner.   Large carpeted living/bedroom in renter’s space.  Oversize window. Couch/coffee table",N/A,N/A,False,
The Cannon,"39 Cedar St, Guelph",https://thecannon.ca/classified/housing/167341/,$895,30/Jul/2026,just purchased newly renovated looking to fill this 4 bedroom house with 4 studious u of g students. all new stainless steel appliances. parking for four.  20 minute walk to the u of g $895 all in per room. sept to april lease contact travis to view,4,N/A,False,
The Cannon,"1055 Gordon St, Guelph",https://thecannon.ca/classified/housing/166817/,$850,26/Jul/2026,Looking for 2 more female University of Guelph students to join a newly renovated 3-bedroom house. One female first year student is already occupying the third bedroom.,N/A,N/A,False,
The Cannon,"824 Woolwich St, Guelph",https://thecannon.ca/classified/housing/166806/,$1100,26/Jul/2026,"Quiet and comfortable neighbourhood and living space in a newly built townhouse condo shared with one other female student going into second year. Fully furnished home with a separate bathroom and shared kitchen, living room and laundry area. 5",N/A,N/A,False,
The Cannon,"1 Joyce Pl, Guelph",https://thecannon.ca/classified/housing/166156/,$1800,21/Jul/2026,"This never-before-lived-in, newly renovated 2-bedroom basement apartment offers a comfortable and private living space in the desirable Grange Hill East neighbourhood. The unit features a private entrance, modern finishes, a bright open-concept",N/A,N/A,False,
The Cannon,"93 Arthur St S, Guelph",https://thecannon.ca/classified/housing/166150/,$2600,21/Jul/2026,"Located in the heart of Guelph’s vibrant and highly sought-after Metalworks community, this two-bedroom, two-bathroom unit offers modern living in a well-designed layout. As you enter through the front door, you’ll find the laundry area to your left,",N/A,N/A,False,
The Cannon,"194 Waterloo Ave, Guelph",https://thecannon.ca/classified/housing/166113/,$2200.00,21/Jul/2026,"3 BEDROOM APT. UTILITIES INCLUDED, RECENTLY RENOVATED, 20 MINUTE WALK TO UNIVERSITY OF GUELPH,10 MINUTE WALK TO DOWNTOWN, BUS STOP OUTSIDE UNIT, WALKING DISTANCE TO TRAIN STATION, SHOPPING AND GUELPH FARMERS MARKET. PARKING AGREEMENT AVAILABLE FOR",3,N/A,True,
The Cannon,"178 Summerfield Dr, Guelph",https://thecannon.ca/classified/housing/165842/,$1080,20/Jul/2026,"One Spacious Furnished Master Bedroom with Private Washroom Is For Rent For Quiet and respectful person in a spacious house. 2 Washrooms. Laundry, Kitchen. 1 minute walk to Bus stop to University of Guelph.",N/A,N/A,False,
The Cannon,"66 Rodgers Rd, Guelph",https://thecannon.ca/classified/housing/165713/,$900,19/Jul/2026,Looking for a comfortable and convenient student home? This spacious 4-bedroom shared house has 1 room available starting September 1 – perfect for students who want it all.,N/A,N/A,False,
The Cannon,"141 Dimson Ave, Guelph",https://thecannon.ca/classified/housing/162724/,$980.41  per mo & 990.41,29/Jun/2026,"Now and/or Sept 1st ’26 … Quiet, well equipped, well furnished & very international  and near Southside of Campus … 10 minute walk, or 5 minute bike ride to U of G via passthrough walkway to Monticello Crescent. One room main floor north",N/A,N/A,False,
The Cannon,"20 Wyndham St N, Guelph",https://thecannon.ca/classified/housing/162453/,$2400,26/Jun/2026,🏡 3-Bedroom Downtown Apartment for Rent,N/A,N/A,False,
The Cannon,"52 Macdonell St, Guelph",https://thecannon.ca/classified/housing/162446/,$1350,26/Jun/2026,Small but cozy and well-located 1-bedroom apartment available in the heart of downtown Guelph.,N/A,N/A,False,
The Cannon,"38 Yewholme Dr, Guelph",https://thecannon.ca/classified/housing/162198/,$900.00,25/Jun/2026,STUDENT ROOM RENTAL,N/A,N/A,False,
The Cannon,"8 Ontario St, Guelph",https://thecannon.ca/classified/housing/161865/,$1350,23/Jun/2026,"1 Bedroom Apartment for Rent – Available August 1, 2026",1,N/A,False,
The Cannon,"2 Oak St, Guelph",https://thecannon.ca/classified/housing/161403/,$2700,19/Jun/2026,"Beautiful basement apartment in a detached house for a group of 3 students, located on Oak St. right near No Frills and a 10 minute walk to campus. Gordon St. bus stop outside front door.",N/A,N/A,False,
The Cannon,"2 Oak St, Guelph",https://thecannon.ca/classified/housing/160780/,$3000,15/Jun/2026,"Beautiful detached house for a group of 3 students, located on Oak St. right near No Frills and a 10 minute walk to campus. Gordon St. bus stop outside front door.",N/A,N/A,False,
The Cannon,"1055 Gordon St, Guelph",https://thecannon.ca/classified/housing/160729/,$900,15/Jun/2026,3 Rooms Available – Premium Student Townhouse | South End Guelph,N/A,N/A,False,
The Cannon,"551 Edinburgh Rd S, Guelph",https://thecannon.ca/classified/housing/160409/,$900,12/Jun/2026,"One private bedroom available for sublet in a 3bedroom, 1bathroom house from May 1st to the middle/end of August.",3,1,False,
The Cannon,"39 Truesdale Crescent, Guelph",https://thecannon.ca/classified/housing/160256/,$925,12/Jun/2026,Premium 4 Bedrooms in Student Rental – South End Guelph,4,N/A,False,
The Cannon,"115 Arthur St N, Guelph",https://thecannon.ca/classified/housing/160194/,$2800,11/Jun/2026,"AVAILABLE oCT / SEPT 1   FURNISHED EXECUTIVE 1 BEDROOM, MAIN FLOOR of a Triplex within 10 minute walk from the River path walkways, Sleeman Center and DOWNTOWN Guelph.",1,N/A,False,
The Cannon,"145 Arthur St N, Guelph",https://thecannon.ca/classified/housing/160188/,$2450,11/Jun/2026,"Lease from SEPT 1ST  this MAIN FLOOR  3 bedroom apartment located a 5 minute walk from downtown has been recently painted and updated with new flooring , lighting and blinds.  The unit is over 2 floors , the basement has 2 updated bedrooms, stackable",3,N/A,False,
The Cannon,"145 Arthur St N, Guelph",https://thecannon.ca/classified/housing/160182/,$2550,11/Jun/2026,"Lease from Sept 1, 5 MINUTE WALK FROM DOWNTOWN Location. Just $2550+util . This Upper Duplex has 3 good sized bedrooms The unit is over 2 floors , the 2nd floor has 3 bedrooms, 4pc bathroom and  cozy kitchen complete with fridge, stove, dishwasher",3,N/A,False,
The Cannon,"11 Neeve St, Guelph",https://thecannon.ca/classified/housing/160176/,$3800,11/Jun/2026,"SEPTEMBER 1 $3800/mth + UTIL ( $760/room) WHOLE HOUSE. VERIFIED LANDLORD, AMAZING DOWNTOWN LOCATION on a quiet street central to the train station and  bus hub. 5 separate bedrooms, 2 full 4pc  bathroom,   large eat-in kitchen with gas stove,",N/A,N/A,False,
The Cannon,"9 Amos Dr, Guelph",https://thecannon.ca/classified/housing/159052/,$3800,5/Jun/2026,South-end 4-bedroom Townhouse with Bright Walk-Out Basement.,N/A,N/A,False,
The Cannon,"3 Law Dr, Guelph",https://thecannon.ca/classified/housing/158520/,$5395,3/Jun/2026,"Looking for the perfect student house that everyone wants to live in? This brand-new 6-bedroom home offers modern finishes, large equal-sized bedrooms, and an ideal location with easy access to the university.",N/A,N/A,False,
The Cannon,"20 Wyndham St N, Guelph",https://thecannon.ca/classified/housing/158310/,$1650,2/Jun/2026,"Spacious 2-bedroom apartment located on the 2nd floor in the heart of Downtown Guelph. Close to shops, restaurants, public transit, entertainment, and all major amenities.",N/A,N/A,False,
The Cannon,"358 Scottsdale Dr, Guelph",https://thecannon.ca/classified/housing/156488/,$900 per month,22/May/2026,1 bedroom available in a 5-bedroom shared condo. Proximity to the University and all amenities. More pictures available upon request. $900/month.,1,N/A,False,
The Cannon,"2 Oak St, Guelph",https://thecannon.ca/classified/housing/155598/,$5000,19/May/2026,"Beautiful detached house for a group of 5+ students, located on Oak St. right near No Frills and a 10 minute walk to campus. Gordon St. bus stop outside front door.",N/A,N/A,False,
The Cannon,"920 Edinburgh Rd S, Guelph",https://thecannon.ca/classified/housing/155435/,$925,18/May/2026,"Spacious furnished rooms available in a quiet townhouse, minutes from the University of Guelph.",N/A,N/A,False,
The Cannon,"625 Hanlon Rd, Guelph",https://thecannon.ca/classified/housing/154704/,$2325,14/May/2026,"Spacious 1-bedroom left in a 3 bedroom basement apt, 1-bathroom basement apartment available for Aug 1, 2026. Conveniently located on Hanlon Rd, just a 2-minute walk to a direct University of Guelph bus route, within 25 minute walk to Stone Road",3,N/A,False,
The Cannon,"12 Boulder Crescent, Guelph",https://thecannon.ca/classified/housing/147806/,$895,17/Apr/2026,Spacious 5-Bedroom Student Rental in Southend Guelph | Flexible Group Options | May 1st,N/A,N/A,False,
The Cannon,"26 Edinburgh Rd S, Guelph",https://thecannon.ca/classified/housing/141636/,$750,31/Mar/2026,"Furnished room with shared bathroom and kitchen available August 01 or September01. The property located a 15 minute walk to downtown and within a 7 minute drive to Linamar, Conestoga College and Guelph University.",N/A,N/A,False,
The Cannon,"26 Darnell Rd, Guelph",https://thecannon.ca/classified/housing/131417/,$800+,9/Mar/2026,1 unfurnished bedroom for 1 female UOG student available for rent for period of October 1st/26-Aug 31/27. This well maintained south end single detached house is 5 min from UOG. Other 3 rooms are occupied by female mature students. Common areas are,N/A,N/A,False,
Places4Students,"Places4Students | $1,550/mo · 2 BED BASEMENT Walking distance to U OF GUELPH! in Guelph",https://www.places4students.com/schools/198/listings/properties/129046,"$1,550",N/A,"$1,550/mo · View 2 BED BASEMENT Walking distance to U OF GUELPH! — off-campus student housing in Guelph, near University of Guelph - Guelph, ON. See photos, pricing, and contact details.",2,N/A,False,https://p4s-cdn.b-cdn.net/tenants/p4s/storage/members/0000/078/730/129046_9682_l1.JPG
Places4Students,Places4Students | $850/mo · Surrounded by Nature - Close to Campus - Prime Location (Edinburgh/Ironwood) ALL INCLUSIVE in Guelph,https://www.places4students.com/schools/198/listings/properties/246337,$850,N/A,"$850/mo · View Surrounded by Nature - Close to Campus - Prime Location (Edinburgh/Ironwood) ALL INCLUSIVE — off-campus student housing in Guelph, near University of Guelph - Guelph, ON. See photos, pricing, and contact details.",N/A,N/A,False,https://p4s-cdn.b-cdn.net/tenants/p4s/storage/members/0000/138/818/246337_8938.jpg
Places4Students,"Places4Students | $1,350/mo · 1 bedroom, New, Clean, Self Contained, Separate Entrance Walk-out  Basement Apt, $1350/mth in Guelph",https://www.places4students.com/schools/198/listings/properties/242371,"$1,350",N/A,"$1,350/mo · View 1 bedroom, New, Clean, Self Contained, Separate Entrance Walk-out  Basement Apt, $1350/mth — off-campus student housing in Guelph, near University of Guelph - Guelph, ON. See photos, pricing, and contact details.",1,N/A,False,https://p4s-cdn.b-cdn.net/tenants/p4s/storage/members/0000/143/333/242371_2825_l1.jpeg
Places4Students,Places4Students | $650/mo · 1 Bedroom Available in a Brand New 2-Bedroom Basement – Furnished & Move-In Ready in Guelph,https://www.places4students.com/schools/198/listings/properties/300531,$650,N/A,"$650/mo · View 1 Bedroom Available in a Brand New 2-Bedroom Basement – Furnished & Move-In Ready — off-campus student housing in Guelph, near University of Guelph - Guelph, ON. See photos, pricing, and contact details.",1,N/A,False,https://p4s-cdn.b-cdn.net/tenants/p4s/storage/members/0000/411/947/300531_2340.jpg
Places4Students,Places4Students | $750/mo · Rooms for Rent - 750 per room in Guelph,https://www.places4students.com/schools/198/listings/properties/324519,$750,N/A,"$750/mo · View Rooms for Rent - 750 per room — off-campus student housing in Guelph, near University of Guelph - Guelph, ON. See photos, pricing, and contact details.",N/A,N/A,False,https://p4s-cdn.b-cdn.net/tenants/p4s/storage/members/0000/452/835/324519_0273.jpg
Places4Students,"Places4Students | $1,766/mo · Bright 1-Bedroom Walkout Basement Apartment – All-Inclusive ($1,800/mo) in Guelph",https://www.places4students.com/schools/198/listings/properties/301189,"$1,766",N/A,"$1,766/mo · View Bright 1-Bedroom Walkout Basement Apartment – All-Inclusive ($1,800/mo) — off-campus student housing in Guelph, near University of Guelph - Guelph, ON. See photos, pricing, and contact details.",N/A,N/A,False,https://p4s-cdn.b-cdn.net/tenants/p4s/storage/members/0000/412/997/301189_0343.jpg
Places4Students,"Places4Students | $2,850/mo · 4 bedrooms ready to move in in Guelph",https://www.places4students.com/schools/198/listings/properties/320931,"$2,850",N/A,"$2,850/mo · View 4 bedrooms ready to move in — off-campus student housing in Guelph, near University of Guelph - Guelph, ON. See photos, pricing, and contact details.",4,N/A,False,https://p4s-cdn.b-cdn.net/tenants/p4s/storage/members/0000/126/498/320931_3224.jpg
Places4Students,Places4Students | $800/mo · NEAR OVC & GUELPH UNIVERSITY  (3 bed rooms)  WITH THREE PARKING in Guelph,https://www.places4students.com/schools/198/listings/properties/151018,$800,N/A,"$800/mo · View NEAR OVC & GUELPH UNIVERSITY  (3 bed rooms)  WITH THREE PARKING — off-campus student housing in Guelph, near University of Guelph - Guelph, ON. See photos, pricing, and contact details.",3,N/A,False,https://p4s-cdn.b-cdn.net/tenants/p4s/storage/members/0000/092/179/151018_9073.jpg
Places4Students,"Places4Students | $1,900/mo · One bedroom basement apartment available in Guelph",https://www.places4students.com/schools/198/listings/properties/179469,"$1,900",N/A,"$1,900/mo · View One bedroom basement apartment available — off-campus student housing in Guelph, near University of Guelph - Guelph, ON. See photos, pricing, and contact details.",N/A,N/A,False,https://p4s-cdn.b-cdn.net/tenants/p4s/storage/members/0000/078/696/179469_2785.jpeg
Places4Students,"Places4Students | $2,900/mo · Now Leasing - Landsdown Lofts! in Guelph",https://www.places4students.com/schools/198/listings/properties/316846,"$2,900",N/A,"$2,900/mo · View Now Leasing - Landsdown Lofts! — off-campus student housing in Guelph, near University of Guelph - Guelph, ON. See photos, pricing, and contact details.",N/A,N/A,False,https://p4s-cdn.b-cdn.net/tenants/p4s/storage/members/0000/438/352/316846_8279.jpg
Places4Students,"Places4Students | $1,800/mo · Bright  1 bd basement apartment in Guelph",https://www.places4students.com/schools/198/listings/properties/320815,"$1,800",N/A,"$1,800/mo · View Bright  1 bd basement apartment — off-campus student housing in Guelph, near University of Guelph - Guelph, ON. See photos, pricing, and contact details.",N/A,N/A,False,https://p4s-cdn.b-cdn.net/tenants/p4s/storage/members/0000/447/222/320815_1177.jpeg
Places4Students,"Places4Students | $1,100 – $1,200/mo · EDINBURGH VILLAGE on Chancellors Way - Guelph's Premier Student Housing Community in Guelph",https://www.places4students.com/schools/198/listings/properties/139445,"$1,100",N/A,"$1,100 – $1,200/mo · View EDINBURGH VILLAGE on Chancellors Way - Guelph's Premier Student Housing Community — off-campus student housing in Guelph, near University of Guelph - Guelph, ON. See photos, pricing, and contact details.",N/A,N/A,False,https://p4s-cdn.b-cdn.net/tenants/p4s/storage/members/0000/034/614/139445_1256_l1.jpg
Places4Students,"Places4Students | $1,050/mo · 2 Private Bedrooms in 3-Bed Townhouse close to U of G ($1050/mo) in Guelph",https://www.places4students.com/schools/198/listings/properties/324976,"$1,050",N/A,"$1,050/mo · View 2 Private Bedrooms in 3-Bed Townhouse close to U of G ($1050/mo) — off-campus student housing in Guelph, near University of Guelph - Guelph, ON. See photos, pricing, and contact details.",N/A,N/A,False,https://p4s-cdn.b-cdn.net/tenants/p4s/storage/members/0000/455/196/324976_9570.png
Places4Students,"Places4Students | $1,950/mo · ALMA@Guelph Student Housing in Guelph",https://www.places4students.com/schools/198/listings/properties/282570,"$1,950",N/A,"$1,950/mo · View ALMA@Guelph Student Housing — off-campus student housing in Guelph, near University of Guelph - Guelph, ON. See photos, pricing, and contact details.",N/A,N/A,False,https://p4s-cdn.b-cdn.net/tenants/p4s/storage/members/0000/144/144/282570_2909_l1.png
Places4Students,Places4Students | Listing Not Found,https://www.places4students.com/schools/198/listings/properties/324062,N/A,N/A,The requested listing could not be found.,N/A,N/A,False,N/A
Places4Students,Places4Students | $960/mo · 1 Bedroom Available NOW – Sunny South End Condo Near U of G On-site viewing by Appointment in Guelph,https://www.places4students.com/schools/198/listings/properties/287196,$960,N/A,"$960/mo · View 1 Bedroom Available NOW – Sunny South End Condo Near U of G On-site viewing by Appointment — off-campus student housing in Guelph, near University of Guelph - Guelph, ON. See photos, pricing, and contact details.",1,N/A,False,https://p4s-cdn.b-cdn.net/tenants/p4s/storage/members/0000/167/024/287196_0939.jpg
Places4Students,"Places4Students | $2,026/mo · 2 bedroom semi available to rent  Main Floor in Guelph",https://www.places4students.com/schools/198/listings/properties/160539,"$2,026",N/A,"$2,026/mo · View 2 bedroom semi available to rent  Main Floor — off-campus student housing in Guelph, near University of Guelph - Guelph, ON. See photos, pricing, and contact details.",2,N/A,False,https://p4s-cdn.b-cdn.net/tenants/p4s/storage/members/0000/078/696/160539_6471.jpeg
Places4Students,Places4Students | $600/mo · Single Unit  with park view.  Wireless.  Walk short cut or bus. Min. 8-12 months. $600.00 in Guelph,https://www.places4students.com/schools/198/listings/properties/127176,$600,N/A,"$600/mo · View Single Unit  with park view.  Wireless.  Walk short cut or bus. Min. 8-12 months. $600.00 — off-campus student housing in Guelph, near University of Guelph - Guelph, ON. See photos, pricing, and contact details.",N/A,N/A,False,https://p4s-cdn.b-cdn.net/tenants/p4s/storage/site/details_default.webp
Places4Students,"Places4Students | $1,350/mo · 53 Arthur street South Ontario Guelph in Guelph",https://www.places4students.com/schools/198/listings/properties/323174,"$1,350",N/A,"$1,350/mo · View 53 Arthur street South Ontario Guelph — off-campus student housing in Guelph, near University of Guelph - Guelph, ON. See photos, pricing, and contact details.",N/A,N/A,False,https://p4s-cdn.b-cdn.net/tenants/p4s/storage/members/0000/447/464/323174_3622.jpg
Places4Students,Places4Students | $835/mo · Downtown Limestone (circa 1860). 8 month lease. Utilities are included. 1 bedrooms available. F pref in Guelph,https://www.places4students.com/schools/198/listings/properties/265789,$835,N/A,"$835/mo · View Downtown Limestone (circa 1860). 8 month lease. Utilities are included. 1 bedrooms available. F pref — off-campus student housing in Guelph, near University of Guelph - Guelph, ON. See photos, pricing, and contact details.",1,N/A,False,https://p4s-cdn.b-cdn.net/tenants/p4s/storage/members/0000/081/687/265789_2256.JPG
Places4Students,"Places4Students | $2,475/mo · Stone Road Townhouse in Guelph",https://www.places4students.com/schools/198/listings/properties/322030,"$2,475",N/A,"$2,475/mo · View Stone Road Townhouse — off-campus student housing in Guelph, near University of Guelph - Guelph, ON. See photos, pricing, and contact details.",N/A,N/A,False,https://p4s-cdn.b-cdn.net/tenants/p4s/storage/members/0000/425/831/322030_6117.png
